u,v,weight
all,arthur,2
all,attorney's,2
all,cheney,2
all,colleen,2
all,crime,2
all,district,2
all,libravox,2
all,mcmahon,2
all,office,2
all,preface,2
all,recording,2
all,stories,2
all,train,2
all,true,2
all,check,6
all,it's,6
all,jim,2
all,money,2
all,p-body,6
all,too,5
all,bank,5
all,signature,5
all,then,5
all,there,5
all,still,2
arthur,attorney's,5
arthur,cheney,11
arthur,colleen,4
arthur,crime,5
arthur,district,5
arthur,libravox,3
arthur,mcmahon,4
arthur,office,5
arthur,preface,5
arthur,recording,4
arthur,stories,5
arthur,train,5
arthur,true,5
arthur,while,3
arthur,april,6
arthur,building,6
arthur,city,6
arthur,courts,6
arthur,criminal,6
arthur,new,6
arthur,others,4
arthur,york,6
arthur,august,5
arthur,broadway,5
arthur,company,5
arthur,pete,5
arthur,rogers,5
arthur,beer,4
arthur,check,4
arthur,george,4
arthur,having,4
arthur,lang,4
arthur,stop,4
arthur,bank,3
arthur,money,3
arthur,certainly,2
attorney's,cheney,5
attorney's,colleen,4
attorney's,crime,5
attorney's,district,11
attorney's,libravox,3
attorney's,mcmahon,4
attorney's,office,11
attorney's,preface,5
attorney's,recording,4
attorney's,stories,5
attorney's,train,5
attorney's,true,5
attorney's,while,2
attorney's,court,2
attorney's,evidence,6
attorney's,forgery,5
attorney's,god's,3
attorney's,jury,2
attorney's,mrs,6
attorney's,parker,6
attorney's,signature,4
attorney's,trial,6
attorney's,whereupon,4
attorney's,elmira,5
attorney's,new,5
attorney's,sweeney,5
attorney's,wallace,5
attorney's,york,5
attorney's,attorney,4
attorney's,his,4
attorney's,bierstadt,3
attorney's,check,3
cheney,colleen,4
cheney,crime,5
cheney,district,5
cheney,libravox,3
cheney,mcmahon,4
cheney,office,5
cheney,preface,5
cheney,recording,4
cheney,stories,5
cheney,train,5
cheney,true,5
cheney,while,3
cheney,april,6
cheney,building,6
cheney,city,6
cheney,courts,6
cheney,criminal,6
cheney,new,6
cheney,others,4
cheney,york,6
cheney,august,5
cheney,broadway,5
cheney,company,5
cheney,pete,5
cheney,rogers,5
cheney,beer,4
cheney,check,4
cheney,george,4
cheney,having,4
cheney,lang,4
cheney,stop,4
cheney,bank,3
cheney,money,3
cheney,certainly,2
colleen,crime,7
colleen,district,4
colleen,libravox,3
colleen,mcmahon,11
colleen,office,4
colleen,preface,4
colleen,recording,11
colleen,stories,4
colleen,train,4
colleen,true,4
colleen,american,4
colleen,bedford,5
colleen,end,7
colleen,her,2
colleen,james,3
colleen,jury,7
colleen,mabel,7
colleen,parker,7
colleen,parker's,4
colleen,reformatory,5
colleen,she,5
colleen,trial,4
colleen,around,5
colleen,avenue,5
colleen,bank,5
colleen,check,5
colleen,court,5
colleen,couser,5
colleen,detective,5
colleen,evidence,5
colleen,fifth,5
colleen,forgery,5
colleen,money,5
colleen,notes,5
colleen,object,5
colleen,room,5
colleen,signature,5
colleen,witness,5
crime,district,5
crime,libravox,3
crime,mcmahon,7
crime,office,5
crime,preface,6
crime,recording,7
crime,stories,5
crime,train,5
crime,true,5
crime,while,4
crime,accordingly,4
crime,convent,5
crime,english,3
crime,james,13
crime,louis,2
crime,mabel,11
crime,minnesota,2
crime,mrs,9
crime,new,8
crime,parker,13
crime,parker's,7
crime,paul,2
crime,prentice,6
crime,waiting,6
crime,york,8
crime,her,11
crime,singley,8
crime,money,6
crime,his,4
crime,slander,3
crime,further,2
crime,trial,7
crime,george,2
crime,lang,3
crime,lope,3
crime,thus,3
crime,american,5
crime,jury,5
crime,bedford,4
crime,reformatory,4
crime,she,4
crime,end,3
district,libravox,3
district,mcmahon,4
district,office,11
district,preface,5
district,recording,4
district,stories,5
district,train,5
district,true,5
district,while,2
district,court,2
district,evidence,9
district,forgery,8
district,god's,3
district,jury,4
district,mrs,8
district,parker,9
district,signature,7
district,trial,9
district,whereupon,4
district,elmira,6
district,new,6
district,sweeney,8
district,wallace,6
district,york,6
district,attorney,7
district,his,6
district,bierstadt,6
district,check,6
district,but,4
district,peabody,4
libravox,mcmahon,3
libravox,office,3
libravox,preface,3
libravox,recording,3
libravox,stories,3
libravox,train,3
libravox,true,3
mcmahon,office,4
mcmahon,preface,4
mcmahon,recording,11
mcmahon,stories,4
mcmahon,train,4
mcmahon,true,4
mcmahon,american,4
mcmahon,bedford,5
mcmahon,end,7
mcmahon,her,2
mcmahon,james,3
mcmahon,jury,7
mcmahon,mabel,7
mcmahon,parker,7
mcmahon,parker's,4
mcmahon,reformatory,5
mcmahon,she,5
mcmahon,trial,4
mcmahon,around,5
mcmahon,avenue,5
mcmahon,bank,5
mcmahon,check,5
mcmahon,court,5
mcmahon,couser,5
mcmahon,detective,5
mcmahon,evidence,5
mcmahon,fifth,5
mcmahon,forgery,5
mcmahon,money,5
mcmahon,notes,5
mcmahon,object,5
mcmahon,room,5
mcmahon,signature,5
mcmahon,witness,5
office,preface,5
office,recording,4
office,stories,5
office,train,5
office,true,5
office,while,2
office,court,2
office,evidence,6
office,forgery,5
office,god's,3
office,jury,2
office,mrs,6
office,parker,6
office,signature,4
office,trial,6
office,whereupon,4
office,elmira,5
office,new,5
office,sweeney,5
office,wallace,5
office,york,5
office,attorney,4
office,his,4
office,bierstadt,3
office,check,3
preface,recording,4
preface,stories,5
preface,train,5
preface,true,5
preface,while,3
recording,stories,4
recording,train,4
recording,true,4
recording,american,4
recording,bedford,5
recording,end,7
recording,her,2
recording,james,3
recording,jury,7
recording,mabel,7
recording,parker,7
recording,parker's,4
recording,reformatory,5
recording,she,5
recording,trial,4
recording,around,5
recording,avenue,5
recording,bank,5
recording,check,5
recording,court,5
recording,couser,5
recording,detective,5
recording,evidence,5
recording,fifth,5
recording,forgery,5
recording,money,5
recording,notes,5
recording,object,5
recording,room,5
recording,signature,5
recording,witness,5
stories,train,5
stories,true,5
stories,while,2
train,true,5
train,while,2
true,while,2
while,others,3
while,new,5
while,york,5
while,doyle's,3
while,evidence,2
while,holmes,3
while,parker,4
while,peabody,6
while,police,5
while,serconan,3
while,sherlock,3
while,street,6
while,there,4
while,west,6
while,donz,5
while,parker's,5
while,room,4
while,assuming,3
others,april,4
others,building,4
others,city,4
others,courts,4
others,criminal,4
others,new,4
others,york,4
others,august,3
others,broadway,3
others,company,3
others,pete,3
others,rogers,3
others,beer,2
others,check,2
others,george,2
others,having,2
others,lang,2
others,stop,2
april,building,6
april,city,6
april,courts,6
april,criminal,6
april,new,6
april,york,6
april,august,5
april,broadway,5
april,company,5
april,pete,5
april,rogers,5
april,beer,4
april,check,4
april,george,4
april,having,4
april,lang,4
april,stop,4
april,bank,3
april,money,3
april,certainly,2
building,city,6
building,courts,6
building,criminal,6
building,new,6
building,york,6
building,august,5
building,broadway,5
building,company,5
building,pete,5
building,rogers,5
building,beer,4
building,check,4
building,george,4
building,having,4
building,lang,4
building,stop,4
building,bank,3
building,money,3
building,certainly,2
city,courts,6
city,criminal,6
city,new,12
city,york,12
city,august,6
city,broadway,6
city,company,11
city,pete,11
city,rogers,11
city,beer,6
city,check,9
city,george,10
city,having,6
city,lang,10
city,stop,6
city,bank,8
city,money,7
city,certainly,6
city,lang's,6
city,police,6
city,street,6
city,their,6
city,west,6
city,tuesday,5
city,arrest,3
courts,criminal,6
courts,new,6
courts,york,6
courts,august,5
courts,broadway,5
courts,company,5
courts,pete,5
courts,rogers,5
courts,beer,4
courts,check,4
courts,george,4
courts,having,4
courts,lang,4
courts,stop,4
courts,bank,3
courts,money,3
courts,certainly,2
criminal,new,6
criminal,york,6
criminal,august,5
criminal,broadway,5
criminal,company,5
criminal,pete,5
criminal,rogers,5
criminal,beer,4
criminal,check,4
criminal,george,4
criminal,having,4
criminal,lang,4
criminal,stop,4
criminal,bank,3
criminal,money,3
criminal,certainly,2
new,york,50
new,august,6
new,broadway,11
new,company,13
new,pete,11
new,rogers,11
new,beer,6
new,check,13
new,george,16
new,having,6
new,lang,16
new,stop,6
new,bank,10
new,money,15
new,certainly,6
new,lang's,6
new,police,21
new,street,12
new,their,6
new,west,12
new,tuesday,5
new,arrest,7
new,james,14
new,parker,28
new,detective,8
new,doyle's,5
new,evidence,17
new,five,3
new,holmes,5
new,peabody,15
new,serconan,5
new,sherlock,5
new,there,6
new,donz,3
new,parker's,8
new,room,2
new,clark,7
new,didn't,6
new,hickey,6
new,i'll,3
new,jim,3
new,mabel,10
new,meantime,5
new,p-body,5
new,sargent,5
new,they,4
new,what,6
new,yes,3
new,well,7
new,mrs,24
new,don't,2
new,not,4
new,alice,5
new,couser,3
new,trial,11
new,accordingly,6
new,albert,2
new,avenue,2
new,english,5
new,fifth,2
new,louis,4
new,minnesota,4
new,old,2
new,patrick,3
new,paul,4
new,prentice,7
new,rice,2
new,signature,9
new,sparious,2
new,swenson's,2
new,trust,2
new,when,2
new,will,2
new,convent,6
new,waiting,6
new,her,8
new,singley,11
new,his,8
new,slander,2
new,court,4
new,elmira,6
new,forgery,5
new,god's,2
new,jury,2
new,sweeney,6
new,wallace,6
new,whereupon,3
new,attorney,5
new,bierstadt,4
new,but,2
new,calzour,2
new,hence,3
new,microscopic,2
new,moreover,5
new,therefore,4
new,lope,5
new,thus,5
york,august,6
york,broadway,11
york,company,13
york,pete,11
york,rogers,11
york,beer,6
york,check,13
york,george,16
york,having,6
york,lang,16
york,stop,6
york,bank,10
york,money,15
york,certainly,6
york,lang's,6
york,police,21
york,street,12
york,their,6
york,west,12
york,tuesday,5
york,arrest,7
york,james,14
york,parker,28
york,detective,8
york,doyle's,5
york,evidence,17
york,five,3
york,holmes,5
york,peabody,15
york,serconan,5
york,sherlock,5
york,there,6
york,donz,3
york,parker's,8
york,room,2
york,clark,7
york,didn't,6
york,hickey,6
york,i'll,3
york,jim,3
york,mabel,10
york,meantime,5
york,p-body,5
york,sargent,5
york,they,4
york,what,6
york,yes,3
york,well,7
york,mrs,24
york,don't,2
york,not,4
york,alice,5
york,couser,3
york,trial,11
york,accordingly,6
york,albert,2
york,avenue,2
york,english,5
york,fifth,2
york,louis,4
york,minnesota,4
york,old,2
york,patrick,3
york,paul,4
york,prentice,7
york,rice,2
york,signature,9
york,sparious,2
york,swenson's,2
york,trust,2
york,when,2
york,will,2
york,convent,6
york,waiting,6
york,her,8
york,singley,11
york,his,8
york,slander,2
york,court,4
york,elmira,6
york,forgery,5
york,god's,2
york,jury,2
york,sweeney,6
york,wallace,6
york,whereupon,3
york,attorney,5
york,bierstadt,4
york,but,2
york,calzour,2
york,hence,3
york,microscopic,2
york,moreover,5
york,therefore,4
york,lope,5
york,thus,5
august,broadway,6
august,company,6
august,pete,6
august,rogers,6
august,beer,5
august,check,11
august,george,8
august,having,5
august,lang,9
august,stop,5
august,bank,10
august,money,4
august,certainly,3
august,lang's,2
august,police,2
august,street,7
august,west,7
august,arrest,6
august,his,6
august,interrogated,4
august,james,4
august,july,6
august,leather,6
august,lincoln,6
august,national,6
august,parker,6
august,shoe,6
august,believing,4
august,mrs,4
august,parker's,4
broadway,company,6
broadway,pete,6
broadway,rogers,6
broadway,beer,5
broadway,check,5
broadway,george,5
broadway,having,5
broadway,lang,5
broadway,stop,5
broadway,bank,4
broadway,money,9
broadway,certainly,3
broadway,lang's,2
broadway,police,2
broadway,after,5
broadway,but,3
broadway,central,6
broadway,couldn't,2
broadway,detective,12
broadway,hotel,6
broadway,jim,9
broadway,mrs,8
broadway,parker,8
broadway,parker's,4
broadway,peabody,2
broadway,poor,2
broadway,p-body,11
broadway,then,4
broadway,dutch,3
broadway,gang,3
broadway,swini,3
broadway,don't,3
broadway,clark,6
broadway,evidence,3
broadway,hickey,6
broadway,i'll,4
broadway,mabel,3
broadway,meantime,6
broadway,sargent,6
broadway,they,5
broadway,william,2
broadway,yes,4
broadway,didn't,5
broadway,what,5
broadway,well,3
company,pete,18
company,rogers,18
company,beer,6
company,check,9
company,george,17
company,having,6
company,lang,17
company,stop,6
company,bank,14
company,money,13
company,certainly,6
company,lang's,6
company,police,7
company,street,7
company,their,6
company,west,7
company,tuesday,6
company,arrest,7
company,interrogated,2
company,james,2
company,parker,13
company,albert,6
company,alice,6
company,avenue,6
company,couser,4
company,evidence,7
company,fifth,6
company,mrs,12
company,old,6
company,patrick,6
company,rice,6
company,she,5
company,signature,8
company,sparious,6
company,swenson's,6
company,trial,5
company,trust,6
company,upon,4
company,when,6
company,will,6
company,louis,4
company,mabel,4
company,minnesota,4
company,parker's,4
company,paul,4
company,prentice,4
company,english,3
company,accordingly,2
company,but,2
company,jury,4
company,peabody,3
company,sweeney,2
company,calzour,4
company,two,4
company,microscopic,2
pete,rogers,18
pete,beer,6
pete,check,9
pete,george,17
pete,having,6
pete,lang,17
pete,stop,6
pete,bank,8
pete,money,13
pete,certainly,6
pete,lang's,6
pete,police,7
pete,street,7
pete,their,6
pete,west,7
pete,tuesday,6
pete,arrest,4
pete,interrogated,2
pete,james,2
pete,parker,8
pete,but,2
pete,evidence,4
pete,jury,4
pete,mrs,6
pete,peabody,3
pete,signature,2
pete,sweeney,2
pete,alice,4
pete,calzour,4
pete,two,4
pete,microscopic,2
rogers,beer,6
rogers,check,9
rogers,george,17
rogers,having,6
rogers,lang,17
rogers,stop,6
rogers,bank,8
rogers,money,13
rogers,certainly,6
rogers,lang's,6
rogers,police,7
rogers,street,7
rogers,their,6
rogers,west,7
rogers,tuesday,6
rogers,arrest,4
rogers,interrogated,2
rogers,james,2
rogers,parker,8
rogers,but,2
rogers,evidence,4
rogers,jury,4
rogers,mrs,6
rogers,peabody,3
rogers,signature,2
rogers,sweeney,2
rogers,alice,4
rogers,calzour,4
rogers,two,4
rogers,microscopic,2
beer,check,6
beer,george,6
beer,having,6
beer,lang,6
beer,stop,6
beer,bank,5
beer,money,5
beer,certainly,4
beer,lang's,3
beer,police,3
beer,street,2
beer,their,2
beer,west,2
check,george,12
check,having,6
check,lang,13
check,stop,6
check,bank,33
check,money,21
check,certainly,6
check,lang's,6
check,police,6
check,street,22
check,their,5
check,west,22
check,tuesday,4
check,arrest,8
check,his,11
check,interrogated,4
check,james,12
check,july,6
check,leather,6
check,lincoln,7
check,national,7
check,parker,34
check,shoe,6
check,believing,4
check,mrs,26
check,parker's,6
check,detective,18
check,it's,9
check,jim,8
check,p-body,19
check,too,5
check,signature,24
check,then,12
check,there,6
check,still,6
check,things,6
check,after,6
check,i'm,10
check,what,9
check,not,6
check,now,9
check,but,12
check,good,6
check,john,9
check,smith,9
check,tiffany's,6
check,ask,6
check,just,6
check,where,6
check,that's,6
check,very,6
check,you,8
check,buy,6
check,when,10
check,mabel,12
check,you've,7
check,maybe,6
check,there's,6
check,bud,5
check,i'll,4
check,room,14
check,well,4
check,here's,3
check,she,5
check,singley,2
check,court,12
check,evidence,18
check,forgery,18
check,jury,14
check,witness,9
check,peabody,9
check,mabel's,4
check,attorney,6
check,bierstadt,6
check,elmira,4
check,sweeney,6
check,trial,8
check,wallace,4
check,american,2
check,around,6
check,avenue,6
check,bedford,3
check,couser,6
check,end,5
check,fifth,6
check,notes,6
check,object,6
check,reformatory,3
george,having,6
george,lang,26
george,stop,6
george,bank,14
george,money,15
george,certainly,6
george,lang's,6
george,police,10
george,street,11
george,their,6
george,west,11
george,tuesday,6
george,arrest,7
george,interrogated,5
george,james,13
george,parker,16
george,his,3
george,july,3
george,leather,3
george,lincoln,6
george,national,6
george,shoe,3
george,mrs,15
george,parker's,2
george,bierstadt,5
george,cousers,3
george,detective,6
george,jim,6
george,mabel,7
george,miss,3
george,p-body,6
george,poor,5
george,see,6
george,she,2
george,signature,9
george,singley,8
george,hickey,5
george,william,5
george,evidence,7
george,i'll,2
george,yes,2
george,but,2
george,jury,5
george,peabody,6
george,sweeney,2
george,trial,5
george,alice,6
george,calzour,6
george,two,4
george,microscopic,4
george,court,4
george,hence,4
george,moreover,5
george,therefore,4
george,lope,5
george,thus,5
george,her,3
having,lang,6
having,stop,6
having,bank,5
having,money,5
having,certainly,4
having,lang's,3
having,police,3
having,street,2
having,their,2
having,west,2
lang,stop,6
lang,bank,12
lang,money,13
lang,certainly,6
lang,lang's,6
lang,police,10
lang,street,11
lang,their,6
lang,west,11
lang,tuesday,6
lang,arrest,8
lang,interrogated,6
lang,james,13
lang,parker,18
lang,his,4
lang,july,4
lang,leather,4
lang,lincoln,4
lang,national,4
lang,shoe,4
lang,believing,2
lang,mrs,15
lang,parker's,4
lang,but,2
lang,evidence,4
lang,jury,6
lang,peabody,6
lang,signature,5
lang,sweeney,2
lang,trial,6
lang,alice,6
lang,calzour,6
lang,two,4
lang,microscopic,4
lang,court,4
lang,hence,4
lang,moreover,5
lang,singley,6
lang,therefore,4
lang,lope,6
lang,thus,6
lang,her,4
lang,american,2
lang,mabel,2
stop,bank,5
stop,money,5
stop,certainly,4
stop,lang's,3
stop,police,3
stop,street,2
stop,their,2
stop,west,2
bank,money,20
bank,certainly,6
bank,lang's,6
bank,police,6
bank,street,21
bank,their,5
bank,west,21
bank,tuesday,4
bank,arrest,12
bank,his,6
bank,interrogated,4
bank,james,10
bank,july,6
bank,leather,6
bank,lincoln,12
bank,national,12
bank,parker,24
bank,shoe,6
bank,believing,5
bank,mrs,22
bank,parker's,11
bank,clark,2
bank,detective,16
bank,it's,8
bank,jim,11
bank,p-body,18
bank,signature,24
bank,then,8
bank,there,6
bank,too,4
bank,still,6
bank,things,6
bank,after,6
bank,i'm,7
bank,what,7
bank,not,6
bank,now,10
bank,but,5
bank,good,5
bank,john,5
bank,smith,5
bank,tiffany's,5
bank,ask,4
bank,just,4
bank,where,4
bank,that's,3
bank,very,3
bank,you,3
bank,buy,2
bank,when,8
bank,mabel,14
bank,you've,4
bank,bud,2
bank,cousers,6
bank,here's,4
bank,i'll,3
bank,miss,6
bank,room,10
bank,she,13
bank,singley,5
bank,well,3
bank,bierstadt,4
bank,poor,4
bank,see,3
bank,hickey,2
bank,william,2
bank,albert,6
bank,alice,2
bank,avenue,12
bank,couser,10
bank,evidence,9
bank,fifth,12
bank,old,6
bank,patrick,6
bank,rice,6
bank,sparious,6
bank,swenson's,6
bank,trial,6
bank,trust,6
bank,upon,4
bank,will,6
bank,louis,4
bank,minnesota,4
bank,paul,4
bank,prentice,4
bank,english,3
bank,accordingly,2
bank,american,2
bank,around,6
bank,bedford,3
bank,court,6
bank,end,5
bank,forgery,6
bank,jury,6
bank,notes,6
bank,object,6
bank,reformatory,3
bank,witness,6
money,certainly,6
money,lang's,5
money,police,7
money,street,9
money,their,4
money,west,9
money,tuesday,3
money,arrest,6
money,detective,29
money,don't,8
money,dutch,4
money,gang,4
money,hotel,5
money,jim,19
money,mrs,30
money,p-body,20
money,parker,37
money,swini,4
money,then,6
money,fony,6
money,yes,12
money,it's,5
money,too,3
money,signature,9
money,after,5
money,i'm,6
money,not,9
money,now,6
money,still,3
money,things,4
money,what,9
money,but,8
money,good,5
money,john,5
money,smith,5
money,tiffany's,5
money,ask,4
money,just,4
money,where,4
money,that's,3
money,very,3
money,you,3
money,buy,2
money,when,2
money,mabel,17
money,evidence,19
money,hickey,11
money,i'll,6
money,see,2
money,william,4
money,they,5
money,clark,10
money,meantime,4
money,sargent,4
money,didn't,3
money,well,6
money,raleigh,4
money,peabody,6
money,accordingly,2
money,convent,3
money,her,5
money,james,6
money,singley,6
money,waiting,4
money,his,5
money,prentice,5
money,slander,4
money,further,3
money,trial,5
money,jury,10
money,sweeney,2
money,alice,4
money,calzour,4
money,two,4
money,microscopic,2
money,court,7
money,american,2
money,around,6
money,avenue,6
money,bedford,3
money,couser,6
money,end,5
money,fifth,6
money,forgery,6
money,notes,6
money,object,6
money,parker's,2
money,reformatory,3
money,room,6
money,she,3
money,witness,6
certainly,lang's,5
certainly,police,5
certainly,street,4
certainly,their,4
certainly,west,4
certainly,tuesday,3
lang's,police,6
lang's,street,5
lang's,their,5
lang's,west,5
lang's,tuesday,4
lang's,arrest,2
police,street,12
police,their,5
police,west,12
police,tuesday,4
police,arrest,6
police,detective,8
police,doyle's,5
police,evidence,16
police,five,3
police,holmes,5
police,james,5
police,parker,20
police,peabody,17
police,serconan,5
police,sherlock,5
police,there,6
police,donz,4
police,parker's,4
police,room,3
police,assuming,2
police,mrs,17
police,not,4
police,well,3
police,alice,8
police,couser,3
police,trial,11
police,court,8
police,jury,9
police,p-body,10
police,practically,6
police,witness,8
police,p-body's,6
police,unless,6
police,she,5
police,signature,7
police,calzour,5
police,hence,6
police,microscopic,5
police,two,3
police,therefore,5
police,moreover,4
police,singley,3
police,lope,2
police,thus,2
street,their,6
street,west,40
street,tuesday,6
street,arrest,13
street,interrogated,6
street,james,15
street,parker,27
street,his,6
street,july,6
street,leather,6
street,lincoln,10
street,national,10
street,shoe,6
street,believing,6
street,mrs,20
street,parker's,12
street,clark,4
street,detective,14
street,evidence,6
street,five,5
street,peabody,11
street,doyle's,6
street,holmes,6
street,serconan,6
street,sherlock,6
street,there,6
street,donz,6
street,room,12
street,assuming,4
street,couldn't,2
street,jim,11
street,poor,4
street,but,9
street,after,4
street,good,6
street,i'm,8
street,john,9
street,not,5
street,now,11
street,p-body,14
street,smith,9
street,still,2
street,things,3
street,tiffany's,6
street,what,7
street,ask,6
street,just,6
street,where,6
street,that's,6
street,very,6
street,you,8
street,buy,6
street,then,6
street,when,6
street,mabel,7
street,you've,9
street,maybe,6
street,there's,6
street,bud,6
street,i'll,6
street,well,6
street,here's,6
street,she,5
street,singley,5
street,cousers,4
street,miss,4
street,signature,4
street,bierstadt,2
west,their,6
west,tuesday,6
west,arrest,13
west,interrogated,6
west,james,15
west,parker,27
west,his,6
west,july,6
west,leather,6
west,lincoln,10
west,national,10
west,shoe,6
west,believing,6
west,mrs,20
west,parker's,12
west,clark,4
west,detective,14
west,evidence,6
west,five,5
west,peabody,11
west,doyle's,6
west,holmes,6
west,serconan,6
west,sherlock,6
west,there,6
west,donz,6
west,room,12
west,assuming,4
west,couldn't,2
west,jim,11
west,poor,4
west,but,9
west,after,4
west,good,6
west,i'm,8
west,john,9
west,not,5
west,now,11
west,p-body,14
west,smith,9
west,still,2
west,things,3
west,tiffany's,6
west,what,7
west,ask,6
west,just,6
west,where,6
west,that's,6
west,very,6
west,you,8
west,buy,6
west,then,6
west,when,6
west,mabel,7
west,you've,9
west,maybe,6
west,there's,6
west,bud,6
west,i'll,6
west,well,6
west,here's,6
west,she,5
west,singley,5
west,cousers,4
west,miss,4
west,signature,4
west,bierstadt,2
their,tuesday,5
their,arrest,3
tuesday,arrest,4
tuesday,interrogated,2
tuesday,james,2
tuesday,parker,2
arrest,interrogated,6
arrest,james,10
arrest,parker,24
arrest,his,6
arrest,july,6
arrest,leather,6
arrest,lincoln,6
arrest,national,6
arrest,shoe,6
arrest,believing,6
arrest,mrs,20
arrest,parker's,7
arrest,clark,12
arrest,detective,11
arrest,five,2
arrest,evidence,11
arrest,peabody,5
arrest,don't,4
arrest,hickey,6
arrest,hotel,5
arrest,raleigh,5
arrest,well,6
arrest,not,4
arrest,alice,6
arrest,couser,7
arrest,trial,5
arrest,upon,5
arrest,she,4
arrest,signature,4
arrest,albert,3
arrest,avenue,3
arrest,fifth,3
arrest,old,3
arrest,patrick,3
arrest,rice,3
arrest,sparious,3
arrest,swenson's,3
arrest,trust,3
arrest,when,3
arrest,will,3
interrogated,james,6
interrogated,parker,6
interrogated,his,4
interrogated,july,4
interrogated,leather,4
interrogated,lincoln,4
interrogated,national,4
interrogated,shoe,4
interrogated,believing,2
interrogated,mrs,2
interrogated,parker's,2
james,parker,40
james,his,8
james,july,4
james,leather,4
james,lincoln,9
james,national,9
james,shoe,4
james,believing,3
james,mrs,29
james,parker's,10
james,clark,4
james,detective,13
james,five,4
james,evidence,9
james,peabody,10
james,doyle's,2
james,holmes,2
james,serconan,2
james,sherlock,2
james,bud,3
james,here's,5
james,i'll,4
james,mabel,14
james,maybe,2
james,now,5
james,p-body,12
james,room,9
james,she,14
james,singley,18
james,there's,2
james,well,4
james,you've,4
james,cousers,5
james,miss,5
james,signature,21
james,jim,4
james,bierstadt,3
james,poor,3
james,see,2
james,accordingly,4
james,convent,5
james,english,3
james,louis,2
james,minnesota,2
james,paul,2
james,prentice,6
james,waiting,6
james,her,12
james,slander,3
james,further,2
james,trial,15
james,forgery,13
james,jury,17
james,then,6
james,witness,10
james,court,10
james,mabel's,3
james,when,3
james,alice,2
james,calzour,2
james,hence,3
james,microscopic,2
james,moreover,5
james,therefore,4
james,lope,6
james,thus,6
james,american,5
james,bedford,4
james,reformatory,4
james,end,3
parker,his,18
parker,july,6
parker,leather,6
parker,lincoln,6
parker,national,6
parker,shoe,6
parker,believing,6
parker,mrs,98
parker,parker's,31
parker,clark,16
parker,detective,54
parker,five,6
parker,evidence,57
parker,peabody,36
parker,doyle's,5
parker,holmes,5
parker,serconan,5
parker,sherlock,5
parker,there,4
parker,donz,4
parker,assuming,5
parker,room,17
parker,couldn't,6
parker,jim,21
parker,poor,6
parker,but,26
parker,after,11
parker,central,6
parker,hotel,12
parker,p-body,40
parker,then,17
parker,dutch,6
parker,gang,6
parker,swini,6
parker,don't,12
parker,fony,6
parker,yes,6
parker,it's,4
parker,too,2
parker,i'm,9
parker,not,9
parker,now,6
parker,still,3
parker,things,4
parker,what,11
parker,good,6
parker,john,8
parker,smith,8
parker,tiffany's,6
parker,ask,6
parker,just,6
parker,where,6
parker,that's,6
parker,very,6
parker,you,6
parker,buy,5
parker,when,20
parker,mabel,26
parker,you've,4
parker,maybe,3
parker,there's,3
parker,bud,2
parker,well,10
parker,didn't,3
parker,hickey,9
parker,meantime,2
parker,sargent,2
parker,raleigh,6
parker,alice,9
parker,couser,12
parker,trial,51
parker,upon,6
parker,she,20
parker,signature,44
parker,albert,5
parker,avenue,11
parker,fifth,11
parker,old,5
parker,patrick,6
parker,rice,5
parker,sparious,5
parker,swenson's,5
parker,trust,5
parker,will,5
parker,louis,5
parker,minnesota,5
parker,paul,5
parker,prentice,11
parker,english,5
parker,accordingly,5
parker,convent,5
parker,waiting,6
parker,her,12
parker,singley,13
parker,slander,6
parker,further,6
parker,jury,52
parker,here,6
parker,beerstadt's,5
parker,caliser's,5
parker,comparison,5
parker,court,26
parker,instead,2
parker,forgery,31
parker,witness,26
parker,practically,6
parker,p-body's,6
parker,unless,6
parker,mabel's,6
parker,god's,6
parker,whereupon,6
parker,elmira,6
parker,sweeney,10
parker,wallace,6
parker,attorney,7
parker,bierstadt,6
parker,calzour,5
parker,two,4
parker,microscopic,3
parker,hence,3
parker,lope,6
parker,moreover,4
parker,therefore,3
parker,thus,6
parker,american,6
parker,bedford,6
parker,reformatory,6
parker,end,7
parker,around,6
parker,notes,6
parker,object,6
his,july,6
his,leather,6
his,lincoln,6
his,national,6
his,shoe,6
his,believing,4
his,mrs,16
his,parker's,4
his,convent,2
his,her,4
his,mabel,6
his,prentice,6
his,singley,6
his,waiting,3
his,slander,5
his,further,4
his,trial,9
his,but,5
his,evidence,7
his,jury,2
his,attorney,6
his,elmira,5
his,sweeney,6
his,wallace,5
his,whereupon,2
his,bierstadt,5
his,forgery,5
his,signature,4
his,peabody,3
july,leather,6
july,lincoln,6
july,national,6
july,shoe,6
july,believing,4
july,mrs,4
july,parker's,4
leather,lincoln,6
leather,national,6
leather,shoe,6
leather,believing,4
leather,mrs,4
leather,parker's,4
lincoln,national,12
lincoln,shoe,6
lincoln,believing,4
lincoln,mrs,9
lincoln,parker's,4
lincoln,detective,4
lincoln,bud,2
lincoln,cousers,6
lincoln,here's,4
lincoln,i'll,3
lincoln,miss,6
lincoln,now,4
lincoln,p-body,6
lincoln,room,4
lincoln,she,5
lincoln,signature,6
lincoln,singley,5
lincoln,well,3
lincoln,you've,3
lincoln,jim,5
lincoln,bierstadt,4
lincoln,poor,4
lincoln,mabel,3
lincoln,see,3
lincoln,hickey,2
lincoln,william,2
national,shoe,6
national,believing,4
national,mrs,9
national,parker's,4
national,detective,4
national,bud,2
national,cousers,6
national,here's,4
national,i'll,3
national,miss,6
national,now,4
national,p-body,6
national,room,4
national,she,5
national,signature,6
national,singley,5
national,well,3
national,you've,3
national,jim,5
national,bierstadt,4
national,poor,4
national,mabel,3
national,see,3
national,hickey,2
national,william,2
shoe,believing,4
shoe,mrs,4
shoe,parker's,4
believing,mrs,6
believing,parker's,6
believing,clark,3
believing,detective,3
mrs,parker's,24
mrs,clark,16
mrs,detective,46
mrs,five,2
mrs,evidence,42
mrs,peabody,29
mrs,after,10
mrs,but,21
mrs,central,6
mrs,couldn't,2
mrs,hotel,12
mrs,jim,21
mrs,poor,5
mrs,p-body,39
mrs,then,11
mrs,dutch,6
mrs,gang,6
mrs,swini,6
mrs,don't,12
mrs,fony,6
mrs,yes,6
mrs,it's,4
mrs,too,2
mrs,i'm,9
mrs,not,9
mrs,now,11
mrs,still,3
mrs,things,4
mrs,what,11
mrs,good,6
mrs,john,8
mrs,smith,8
mrs,tiffany's,6
mrs,ask,6
mrs,just,6
mrs,where,6
mrs,that's,6
mrs,very,6
mrs,you,7
mrs,buy,5
mrs,when,22
mrs,mabel,24
mrs,you've,8
mrs,maybe,5
mrs,there's,5
mrs,bud,5
mrs,i'll,5
mrs,room,13
mrs,well,14
mrs,here's,5
mrs,she,17
mrs,singley,19
mrs,cousers,5
mrs,miss,5
mrs,signature,37
mrs,bierstadt,8
mrs,see,2
mrs,hickey,10
mrs,didn't,3
mrs,meantime,2
mrs,sargent,2
mrs,raleigh,6
mrs,alice,12
mrs,couser,6
mrs,trial,40
mrs,upon,6
mrs,albert,6
mrs,avenue,6
mrs,fifth,6
mrs,old,6
mrs,patrick,7
mrs,rice,6
mrs,sparious,6
mrs,swenson's,6
mrs,trust,6
mrs,will,6
mrs,louis,6
mrs,minnesota,6
mrs,paul,6
mrs,prentice,12
mrs,english,5
mrs,accordingly,5
mrs,convent,5
mrs,waiting,5
mrs,her,9
mrs,slander,5
mrs,further,5
mrs,jury,34
mrs,here,6
mrs,beerstadt's,6
mrs,caliser's,6
mrs,comparison,6
mrs,court,22
mrs,instead,4
mrs,forgery,16
mrs,probably,3
mrs,attired,2
mrs,witness,12
mrs,practically,6
mrs,p-body's,6
mrs,unless,6
mrs,mabel's,5
mrs,god's,5
mrs,whereupon,5
mrs,elmira,6
mrs,sweeney,9
mrs,wallace,6
mrs,attorney,6
mrs,calzour,8
mrs,two,6
mrs,microscopic,6
mrs,hence,6
mrs,therefore,6
mrs,moreover,6
mrs,lope,6
mrs,thus,6
mrs,american,2
parker's,clark,3
parker's,detective,10
parker's,donz,6
parker's,doyle's,2
parker's,evidence,6
parker's,holmes,2
parker's,peabody,15
parker's,serconan,2
parker's,sherlock,2
parker's,there,3
parker's,room,13
parker's,assuming,6
parker's,couldn't,6
parker's,jim,7
parker's,poor,6
parker's,but,7
parker's,after,5
parker's,central,4
parker's,hotel,4
parker's,p-body,3
parker's,then,2
parker's,albert,4
parker's,avenue,6
parker's,couser,4
parker's,fifth,6
parker's,louis,6
parker's,mabel,18
parker's,minnesota,6
parker's,old,4
parker's,patrick,5
parker's,paul,6
parker's,prentice,6
parker's,rice,4
parker's,she,8
parker's,signature,11
parker's,sparious,4
parker's,swenson's,4
parker's,trial,16
parker's,trust,4
parker's,upon,2
parker's,when,10
parker's,will,4
parker's,english,5
parker's,accordingly,4
parker's,convent,3
parker's,waiting,2
parker's,her,5
parker's,singley,2
parker's,beerstadt's,5
parker's,caliser's,5
parker's,comparison,5
parker's,here,4
parker's,jury,15
parker's,court,9
parker's,instead,6
parker's,forgery,8
parker's,probably,6
parker's,attired,5
parker's,witness,4
parker's,american,6
parker's,lope,2
parker's,thus,2
parker's,bedford,5
parker's,reformatory,5
parker's,end,4
parker's,around,2
parker's,notes,2
parker's,object,2
clark,detective,18
clark,five,2
clark,evidence,8
clark,peabody,4
clark,hickey,13
clark,i'll,4
clark,jim,4
clark,mabel,3
clark,meantime,6
clark,p-body,6
clark,sargent,6
clark,they,5
clark,william,2
clark,yes,4
clark,didn't,6
clark,what,6
clark,well,10
clark,don't,6
clark,hotel,6
clark,raleigh,6
clark,not,3
detective,five,5
detective,evidence,33
detective,peabody,16
detective,doyle's,3
detective,holmes,3
detective,serconan,3
detective,sherlock,3
detective,there,2
detective,after,10
detective,but,10
detective,couldn't,3
detective,jim,27
detective,poor,8
detective,central,6
detective,hotel,10
detective,p-body,37
detective,then,9
detective,dutch,6
detective,gang,6
detective,swini,6
detective,don't,10
detective,fony,5
detective,yes,11
detective,it's,2
detective,good,6
detective,i'm,6
detective,john,6
detective,not,8
detective,now,6
detective,smith,6
detective,still,2
detective,things,3
detective,tiffany's,6
detective,what,11
detective,ask,5
detective,just,5
detective,where,5
detective,that's,4
detective,very,4
detective,you,4
detective,buy,3
detective,when,8
detective,mabel,17
detective,you've,2
detective,bierstadt,5
detective,cousers,3
detective,miss,3
detective,room,13
detective,see,6
detective,she,5
detective,signature,16
detective,singley,2
detective,hickey,16
detective,william,7
detective,i'll,6
detective,they,6
detective,meantime,6
detective,sargent,6
detective,didn't,5
detective,well,8
detective,raleigh,4
detective,court,18
detective,jury,20
detective,trial,11
detective,witness,17
detective,practically,5
detective,p-body's,4
detective,unless,4
detective,forgery,12
detective,mabel's,5
detective,god's,2
detective,american,2
detective,around,6
detective,avenue,6
detective,bedford,3
detective,couser,6
detective,end,5
detective,fifth,6
detective,notes,6
detective,object,6
detective,reformatory,3
five,evidence,5
five,peabody,5
five,doyle's,4
five,holmes,4
five,serconan,4
five,sherlock,4
five,there,3
evidence,peabody,26
evidence,doyle's,5
evidence,holmes,5
evidence,serconan,5
evidence,sherlock,5
evidence,there,4
evidence,bierstadt,8
evidence,hickey,9
evidence,jim,6
evidence,mabel,14
evidence,p-body,15
evidence,poor,2
evidence,see,3
evidence,signature,30
evidence,william,5
evidence,i'll,5
evidence,yes,5
evidence,they,4
evidence,meantime,3
evidence,sargent,3
evidence,didn't,2
evidence,what,2
evidence,hotel,2
evidence,raleigh,2
evidence,well,6
evidence,not,5
evidence,alice,7
evidence,couser,12
evidence,trial,32
evidence,upon,5
evidence,she,9
evidence,albert,3
evidence,avenue,9
evidence,fifth,9
evidence,old,3
evidence,patrick,3
evidence,rice,3
evidence,sparious,3
evidence,swenson's,3
evidence,trust,3
evidence,when,11
evidence,will,3
evidence,prentice,2
evidence,but,11
evidence,further,3
evidence,jury,37
evidence,slander,2
evidence,here,4
evidence,beerstadt's,3
evidence,caliser's,3
evidence,comparison,3
evidence,court,20
evidence,witness,18
evidence,practically,6
evidence,p-body's,6
evidence,unless,6
evidence,forgery,22
evidence,mabel's,6
evidence,room,12
evidence,god's,6
evidence,whereupon,6
evidence,elmira,6
evidence,sweeney,10
evidence,wallace,6
evidence,attorney,7
evidence,calzour,2
evidence,two,2
evidence,american,2
evidence,around,6
evidence,bedford,3
evidence,end,5
evidence,notes,6
evidence,object,6
evidence,reformatory,3
peabody,doyle's,6
peabody,holmes,6
peabody,serconan,6
peabody,sherlock,6
peabody,there,6
peabody,donz,6
peabody,room,12
peabody,assuming,6
peabody,couldn't,6
peabody,jim,6
peabody,poor,6
peabody,but,13
peabody,after,3
peabody,central,2
peabody,hotel,3
peabody,hickey,2
peabody,not,6
peabody,well,5
peabody,alice,6
peabody,beerstadt's,6
peabody,caliser's,6
peabody,comparison,6
peabody,here,5
peabody,jury,16
peabody,signature,23
peabody,trial,11
peabody,when,10
peabody,court,15
peabody,instead,3
peabody,forgery,12
peabody,mabel,2
peabody,probably,2
peabody,witness,2
peabody,mabel's,5
peabody,god's,2
peabody,attorney,4
peabody,bierstadt,4
peabody,elmira,2
peabody,sweeney,6
peabody,wallace,2
peabody,calzour,5
peabody,hence,6
peabody,microscopic,5
peabody,two,3
peabody,therefore,5
peabody,moreover,4
peabody,singley,3
peabody,lope,2
peabody,thus,2
doyle's,holmes,6
doyle's,serconan,6
doyle's,sherlock,6
doyle's,there,5
doyle's,donz,2
holmes,serconan,6
holmes,sherlock,6
holmes,there,5
holmes,donz,2
serconan,sherlock,6
serconan,there,5
serconan,donz,2
sherlock,there,5
sherlock,donz,2
there,donz,3
there,room,2
there,it's,6
there,p-body,6
there,signature,6
there,then,6
there,too,4
there,still,3
there,things,2
donz,room,5
donz,assuming,4
donz,couldn't,2
donz,jim,2
donz,poor,2
room,assuming,5
room,couldn't,3
room,jim,6
room,poor,5
room,but,3
room,bud,5
room,buy,2
room,i'll,6
room,john,2
room,mabel,15
room,maybe,4
room,p-body,8
room,smith,2
room,then,2
room,there's,4
room,well,6
room,when,10
room,you,3
room,you've,6
room,here's,6
room,now,6
room,she,8
room,singley,5
room,cousers,4
room,miss,4
room,signature,17
room,bierstadt,2
room,attired,6
room,court,18
room,forgery,17
room,instead,4
room,jury,18
room,probably,5
room,trial,9
room,witness,10
room,mabel's,6
room,god's,3
room,whereupon,2
room,american,2
room,around,6
room,avenue,6
room,bedford,3
room,couser,6
room,end,5
room,fifth,6
room,notes,6
room,object,6
room,reformatory,3
assuming,couldn't,4
assuming,jim,4
assuming,poor,4
assuming,but,3
couldn't,jim,6
couldn't,poor,6
couldn't,but,5
couldn't,after,3
couldn't,central,2
couldn't,hotel,2
jim,poor,12
jim,but,11
jim,after,9
jim,central,5
jim,hotel,5
jim,p-body,29
jim,dutch,6
jim,gang,6
jim,swini,6
jim,then,9
jim,don't,6
jim,fony,6
jim,yes,12
jim,it's,4
jim,too,3
jim,signature,7
jim,good,6
jim,i'm,6
jim,john,6
jim,not,5
jim,now,8
jim,smith,6
jim,still,2
jim,things,3
jim,tiffany's,6
jim,what,9
jim,ask,5
jim,just,5
jim,where,5
jim,that's,4
jim,very,4
jim,you,4
jim,buy,3
jim,when,3
jim,mabel,11
jim,you've,4
jim,cousers,5
jim,here's,3
jim,i'll,8
jim,miss,5
jim,she,4
jim,singley,4
jim,well,3
jim,bierstadt,6
jim,see,6
jim,hickey,9
jim,william,7
jim,they,5
jim,meantime,4
jim,sargent,4
jim,didn't,3
poor,but,5
poor,after,3
poor,central,2
poor,hotel,2
poor,p-body,7
poor,bierstadt,6
poor,cousers,4
poor,here's,2
poor,i'll,2
poor,miss,4
poor,now,2
poor,she,3
poor,signature,5
poor,singley,3
poor,mabel,5
poor,see,5
poor,hickey,4
poor,william,4
but,after,8
but,central,3
but,hotel,3
but,p-body,10
but,then,6
but,good,6
but,i'm,8
but,john,8
but,not,5
but,now,5
but,smith,8
but,still,2
but,things,3
but,tiffany's,6
but,what,7
but,ask,6
but,just,6
but,where,6
but,that's,6
but,very,6
but,you,6
but,buy,5
but,when,6
but,mabel,6
but,you've,4
but,maybe,3
but,there's,3
but,bud,2
but,further,4
but,prentice,2
but,singley,2
but,slander,3
but,trial,10
but,jury,9
but,here,3
but,beerstadt's,2
but,caliser's,2
but,comparison,2
but,signature,7
but,attorney,4
but,bierstadt,4
but,elmira,2
but,forgery,4
but,sweeney,6
but,wallace,2
after,central,5
after,hotel,5
after,p-body,10
after,then,5
after,dutch,2
after,gang,2
after,swini,2
after,i'm,6
after,it's,3
after,still,4
after,things,5
after,what,6
after,not,5
after,now,5
after,good,4
after,john,4
after,smith,4
after,tiffany's,4
after,ask,3
after,just,3
after,where,3
after,that's,2
after,very,2
after,you,2
central,hotel,6
central,p-body,5
central,then,4
central,dutch,3
central,gang,3
central,swini,3
central,don't,2
hotel,p-body,5
hotel,then,4
hotel,dutch,3
hotel,gang,3
hotel,swini,3
hotel,don't,7
hotel,hickey,6
hotel,raleigh,6
hotel,well,5
p-body,then,24
p-body,dutch,6
p-body,gang,6
p-body,swini,6
p-body,don't,7
p-body,fony,6
p-body,yes,12
p-body,it's,10
p-body,too,6
p-body,signature,20
p-body,still,6
p-body,things,6
p-body,i'm,10
p-body,what,14
p-body,not,6
p-body,now,12
p-body,good,6
p-body,john,9
p-body,smith,9
p-body,tiffany's,6
p-body,ask,6
p-body,just,6
p-body,where,6
p-body,that's,6
p-body,very,6
p-body,you,8
p-body,buy,6
p-body,when,6
p-body,mabel,15
p-body,you've,9
p-body,maybe,6
p-body,there's,6
p-body,bud,6
p-body,i'll,12
p-body,well,9
p-body,here's,6
p-body,she,14
p-body,singley,6
p-body,cousers,6
p-body,miss,6
p-body,bierstadt,6
p-body,see,6
p-body,hickey,11
p-body,william,7
p-body,they,6
p-body,meantime,6
p-body,sargent,6
p-body,didn't,5
p-body,court,6
p-body,jury,18
p-body,trial,18
p-body,witness,18
p-body,practically,6
p-body,p-body's,6
p-body,unless,6
p-body,forgery,7
then,dutch,5
then,gang,5
then,swini,5
then,don't,4
then,fony,2
then,yes,2
then,it's,6
then,signature,12
then,too,4
then,still,3
then,things,2
then,i'm,6
then,what,5
then,ask,4
then,buy,6
then,good,3
then,john,6
then,just,4
then,not,2
then,now,3
then,smith,6
then,that's,5
then,tiffany's,3
then,very,5
then,when,6
then,where,4
then,you,6
then,mabel,5
then,you've,5
then,maybe,4
then,there's,4
then,bud,3
then,i'll,2
then,well,2
then,forgery,6
then,jury,6
then,she,4
then,trial,6
then,witness,5
dutch,gang,6
dutch,swini,6
dutch,don't,5
dutch,fony,3
dutch,yes,3
gang,swini,6
gang,don't,5
gang,fony,3
gang,yes,3
swini,don't,5
swini,fony,3
swini,yes,3
don't,fony,4
don't,yes,4
don't,didn't,2
don't,hickey,6
don't,well,5
don't,what,2
don't,raleigh,5
fony,yes,6
fony,it's,2
fony,too,2
yes,it's,2
yes,too,2
yes,hickey,6
yes,i'll,6
yes,mabel,5
yes,see,2
yes,william,4
yes,they,5
yes,meantime,4
yes,sargent,4
yes,didn't,3
yes,what,3
it's,too,6
it's,signature,6
it's,still,5
it's,things,4
it's,i'm,3
it's,what,3
it's,not,2
it's,now,2
too,signature,4
signature,still,3
signature,things,2
signature,bud,2
signature,cousers,6
signature,here's,4
signature,i'll,3
signature,miss,6
signature,now,4
signature,she,18
signature,singley,8
signature,well,3
signature,you've,3
signature,bierstadt,10
signature,mabel,16
signature,see,4
signature,hickey,3
signature,william,3
signature,alice,8
signature,couser,11
signature,trial,28
signature,upon,5
signature,albert,6
signature,avenue,12
signature,fifth,12
signature,old,6
signature,patrick,6
signature,rice,6
signature,sparious,6
signature,swenson's,6
signature,trust,6
signature,when,17
signature,will,6
signature,louis,4
signature,minnesota,4
signature,paul,4
signature,prentice,4
signature,english,3
signature,accordingly,2
signature,beerstadt's,6
signature,caliser's,6
signature,comparison,6
signature,here,5
signature,jury,33
signature,court,26
signature,instead,3
signature,forgery,31
signature,probably,2
signature,witness,16
signature,mabel's,6
signature,god's,5
signature,whereupon,4
signature,elmira,4
signature,sweeney,7
signature,wallace,4
signature,attorney,5
signature,calzour,5
signature,hence,6
signature,microscopic,5
signature,two,3
signature,therefore,5
signature,moreover,4
signature,lope,2
signature,thus,2
signature,american,2
signature,around,6
signature,bedford,3
signature,end,5
signature,notes,6
signature,object,6
signature,reformatory,3
still,things,5
still,i'm,4
still,what,4
still,not,3
still,now,3
still,good,2
still,john,2
still,smith,2
still,tiffany's,2
things,i'm,5
things,what,5
things,not,4
things,now,4
things,good,3
things,john,3
things,smith,3
things,tiffany's,3
things,ask,2
things,just,2
things,where,2
i'm,what,9
i'm,not,6
i'm,now,6
i'm,good,6
i'm,john,8
i'm,smith,8
i'm,tiffany's,6
i'm,ask,6
i'm,just,6
i'm,where,6
i'm,that's,6
i'm,very,6
i'm,you,6
i'm,buy,5
i'm,when,5
i'm,mabel,4
i'm,you've,4
i'm,maybe,3
i'm,there's,3
i'm,bud,2
what,not,6
what,now,6
what,good,6
what,john,7
what,smith,7
what,tiffany's,6
what,ask,6
what,just,6
what,where,6
what,that's,5
what,very,5
what,you,5
what,buy,4
what,when,4
what,mabel,5
what,you've,3
what,maybe,2
what,there's,2
what,didn't,6
what,hickey,6
what,i'll,3
what,meantime,5
what,sargent,5
what,they,4
what,well,4
not,now,6
not,good,5
not,john,5
not,smith,5
not,tiffany's,5
not,ask,4
not,just,4
not,where,4
not,that's,3
not,very,3
not,you,3
not,buy,2
not,when,2
not,hickey,2
not,well,5
now,good,5
now,john,6
now,smith,6
now,tiffany's,5
now,ask,4
now,just,4
now,where,4
now,that's,3
now,very,3
now,you,5
now,buy,3
now,when,3
now,mabel,4
now,you've,6
now,bud,4
now,here's,6
now,i'll,5
now,maybe,3
now,there's,3
now,well,5
now,she,5
now,singley,5
now,cousers,4
now,miss,4
now,bierstadt,2
good,john,6
good,smith,6
good,tiffany's,6
good,ask,5
good,just,5
good,where,5
good,that's,4
good,very,4
good,you,4
good,buy,3
good,when,3
good,mabel,2
good,you've,2
john,smith,9
john,tiffany's,6
john,ask,6
john,just,6
john,where,6
john,that's,6
john,very,6
john,you,7
john,buy,6
john,when,6
john,mabel,5
john,you've,5
john,maybe,4
john,there's,4
john,bud,3
john,i'll,2
john,well,2
smith,tiffany's,6
smith,ask,6
smith,just,6
smith,where,6
smith,that's,6
smith,very,6
smith,you,7
smith,buy,6
smith,when,6
smith,mabel,5
smith,you've,5
smith,maybe,4
smith,there's,4
smith,bud,3
smith,i'll,2
smith,well,2
tiffany's,ask,5
tiffany's,just,5
tiffany's,where,5
tiffany's,that's,4
tiffany's,very,4
tiffany's,you,4
tiffany's,buy,3
tiffany's,when,3
tiffany's,mabel,2
tiffany's,you've,2
ask,just,6
ask,where,6
ask,that's,5
ask,very,5
ask,you,5
ask,buy,4
ask,when,4
ask,mabel,3
ask,you've,3
ask,maybe,2
ask,there's,2
just,where,6
just,that's,5
just,very,5
just,you,5
just,buy,4
just,when,4
just,mabel,3
just,you've,3
just,maybe,2
just,there's,2
where,that's,5
where,very,5
where,you,5
where,buy,4
where,when,4
where,mabel,3
where,you've,3
where,maybe,2
where,there's,2
that's,very,6
that's,you,6
that's,buy,5
that's,when,5
that's,mabel,4
that's,you've,4
that's,maybe,3
that's,there's,3
that's,bud,2
very,you,6
very,buy,5
very,when,5
very,mabel,4
very,you've,4
very,maybe,3
very,there's,3
very,bud,2
you,buy,6
you,when,6
you,mabel,6
you,you've,6
you,maybe,5
you,there's,5
you,bud,4
you,i'll,3
you,well,3
you,here's,2
buy,when,6
buy,mabel,5
buy,you've,5
buy,maybe,4
buy,there's,4
buy,bud,3
buy,i'll,2
buy,well,2
when,mabel,12
when,you've,5
when,maybe,4
when,there's,4
when,bud,3
when,i'll,2
when,well,2
when,albert,6
when,alice,2
when,avenue,6
when,couser,4
when,fifth,6
when,old,6
when,patrick,6
when,rice,6
when,she,5
when,sparious,6
when,swenson's,6
when,trial,10
when,trust,6
when,upon,4
when,will,6
when,louis,4
when,minnesota,4
when,paul,4
when,prentice,4
when,english,3
when,accordingly,2
when,beerstadt's,5
when,caliser's,5
when,comparison,5
when,here,4
when,jury,12
when,court,10
when,instead,4
when,forgery,9
when,probably,3
when,attired,2
when,mabel's,6
when,god's,3
when,whereupon,2
mabel,you've,6
mabel,maybe,5
mabel,there's,5
mabel,bud,4
mabel,i'll,8
mabel,well,3
mabel,here's,3
mabel,she,12
mabel,singley,11
mabel,bierstadt,5
mabel,cousers,3
mabel,miss,3
mabel,see,6
mabel,hickey,8
mabel,william,7
mabel,they,4
mabel,meantime,3
mabel,sargent,3
mabel,didn't,2
mabel,albert,4
mabel,avenue,10
mabel,couser,8
mabel,fifth,10
mabel,louis,6
mabel,minnesota,6
mabel,old,4
mabel,patrick,5
mabel,paul,6
mabel,prentice,12
mabel,rice,4
mabel,sparious,4
mabel,swenson's,4
mabel,trial,17
mabel,trust,4
mabel,upon,2
mabel,will,4
mabel,english,5
mabel,accordingly,5
mabel,convent,5
mabel,waiting,5
mabel,her,9
mabel,slander,5
mabel,further,4
mabel,jury,17
mabel,beerstadt's,2
mabel,caliser's,2
mabel,comparison,2
mabel,court,12
mabel,forgery,12
mabel,instead,5
mabel,probably,6
mabel,attired,5
mabel,witness,8
mabel,american,6
mabel,lope,2
mabel,thus,2
mabel,bedford,6
mabel,reformatory,6
mabel,end,7
mabel,around,6
mabel,notes,6
mabel,object,6
you've,maybe,6
you've,there's,6
you've,bud,6
you've,i'll,6
you've,well,6
you've,here's,5
you've,she,4
you've,singley,4
you've,cousers,3
you've,miss,3
maybe,there's,6
maybe,bud,5
maybe,i'll,4
maybe,well,4
maybe,here's,3
maybe,she,2
maybe,singley,2
there's,bud,5
there's,i'll,4
there's,well,4
there's,here's,3
there's,she,2
there's,singley,2
bud,i'll,5
bud,well,5
bud,here's,4
bud,she,3
bud,singley,3
bud,cousers,2
bud,miss,2
i'll,well,7
i'll,here's,5
i'll,she,4
i'll,singley,4
i'll,cousers,3
i'll,miss,3
i'll,bierstadt,2
i'll,hickey,6
i'll,see,2
i'll,william,4
i'll,they,5
i'll,meantime,4
i'll,sargent,4
i'll,didn't,3
well,here's,5
well,she,4
well,singley,4
well,cousers,3
well,miss,3
well,didn't,4
well,hickey,9
well,meantime,3
well,sargent,3
well,they,2
well,raleigh,5
here's,she,5
here's,singley,5
here's,cousers,4
here's,miss,4
here's,bierstadt,2
she,singley,6
she,cousers,5
she,miss,5
she,bierstadt,3
she,see,2
she,alice,3
she,couser,8
she,trial,17
she,upon,5
she,albert,5
she,avenue,8
she,fifth,8
she,old,5
she,patrick,5
she,rice,5
she,sparious,5
she,swenson's,5
she,trust,5
she,will,5
she,louis,3
she,minnesota,3
she,paul,3
she,prentice,3
she,english,2
she,jury,13
she,p-body's,2
she,unless,2
she,witness,9
she,forgery,7
she,american,5
she,bedford,6
she,her,3
she,reformatory,6
she,end,5
she,around,3
she,court,3
she,notes,3
she,object,3
singley,cousers,5
singley,miss,5
singley,bierstadt,3
singley,see,2
singley,accordingly,3
singley,convent,4
singley,english,2
singley,her,9
singley,prentice,7
singley,waiting,5
singley,slander,5
singley,further,4
singley,trial,7
singley,jury,2
singley,alice,2
singley,calzour,2
singley,court,3
singley,hence,3
singley,microscopic,2
singley,moreover,5
singley,therefore,4
singley,lope,5
singley,thus,5
cousers,miss,6
cousers,bierstadt,4
cousers,see,3
cousers,hickey,2
cousers,william,2
miss,bierstadt,4
miss,see,3
miss,hickey,2
miss,william,2
bierstadt,see,5
bierstadt,hickey,4
bierstadt,william,4
bierstadt,attorney,6
bierstadt,elmira,4
bierstadt,forgery,6
bierstadt,sweeney,6
bierstadt,trial,6
bierstadt,wallace,4
bierstadt,jury,2
see,hickey,5
see,william,5
hickey,william,7
hickey,they,6
hickey,meantime,6
hickey,sargent,6
hickey,didn't,6
hickey,raleigh,6
william,they,3
william,meantime,2
william,sargent,2
they,meantime,5
they,sargent,5
they,didn't,4
meantime,sargent,6
meantime,didn't,5
sargent,didn't,5
alice,couser,6
alice,trial,4
alice,upon,4
alice,albert,2
alice,avenue,2
alice,fifth,2
alice,old,2
alice,patrick,2
alice,rice,2
alice,sparious,2
alice,swenson's,2
alice,trust,2
alice,will,2
alice,calzour,8
alice,jury,2
alice,two,6
alice,microscopic,6
alice,court,5
alice,hence,5
alice,therefore,4
alice,moreover,3
couser,trial,8
couser,upon,6
couser,albert,4
couser,avenue,10
couser,fifth,10
couser,old,4
couser,patrick,4
couser,rice,4
couser,sparious,4
couser,swenson's,4
couser,trust,4
couser,will,4
couser,louis,2
couser,minnesota,2
couser,paul,2
couser,prentice,2
couser,american,2
couser,around,6
couser,bedford,3
couser,court,6
couser,end,5
couser,forgery,6
couser,jury,6
couser,notes,6
couser,object,6
couser,reformatory,3
couser,witness,6
trial,upon,6
trial,albert,4
trial,avenue,6
trial,fifth,6
trial,old,4
trial,patrick,4
trial,rice,4
trial,sparious,4
trial,swenson's,4
trial,trust,4
trial,will,4
trial,louis,2
trial,minnesota,2
trial,paul,2
trial,prentice,5
trial,further,5
trial,her,7
trial,slander,4
trial,jury,41
trial,here,5
trial,beerstadt's,5
trial,caliser's,5
trial,comparison,5
trial,court,19
trial,instead,6
trial,forgery,23
trial,probably,6
trial,attired,6
trial,witness,21
trial,practically,6
trial,p-body's,6
trial,unless,6
trial,god's,4
trial,whereupon,5
trial,elmira,6
trial,sweeney,9
trial,wallace,6
trial,attorney,7
trial,lope,5
trial,moreover,3
trial,therefore,2
trial,thus,5
trial,american,6
trial,bedford,5
trial,reformatory,5
trial,end,4
trial,around,2
trial,notes,2
trial,object,2
upon,albert,4
upon,avenue,4
upon,fifth,4
upon,old,4
upon,patrick,4
upon,rice,4
upon,sparious,4
upon,swenson's,4
upon,trust,4
upon,will,4
upon,louis,2
upon,minnesota,2
upon,paul,2
upon,prentice,2
albert,avenue,6
albert,fifth,6
albert,old,6
albert,patrick,6
albert,rice,6
albert,sparious,6
albert,swenson's,6
albert,trust,6
albert,will,6
albert,louis,4
albert,minnesota,4
albert,paul,4
albert,prentice,4
albert,english,3
albert,accordingly,2
avenue,fifth,12
avenue,old,6
avenue,patrick,6
avenue,rice,6
avenue,sparious,6
avenue,swenson's,6
avenue,trust,6
avenue,will,6
avenue,louis,4
avenue,minnesota,4
avenue,paul,4
avenue,prentice,4
avenue,english,3
avenue,accordingly,2
avenue,american,2
avenue,around,6
avenue,bedford,3
avenue,court,6
avenue,end,5
avenue,forgery,6
avenue,jury,6
avenue,notes,6
avenue,object,6
avenue,reformatory,3
avenue,witness,6
fifth,old,6
fifth,patrick,6
fifth,rice,6
fifth,sparious,6
fifth,swenson's,6
fifth,trust,6
fifth,will,6
fifth,louis,4
fifth,minnesota,4
fifth,paul,4
fifth,prentice,4
fifth,english,3
fifth,accordingly,2
fifth,american,2
fifth,around,6
fifth,bedford,3
fifth,court,6
fifth,end,5
fifth,forgery,6
fifth,jury,6
fifth,notes,6
fifth,object,6
fifth,reformatory,3
fifth,witness,6
old,patrick,6
old,rice,6
old,sparious,6
old,swenson's,6
old,trust,6
old,will,6
old,louis,4
old,minnesota,4
old,paul,4
old,prentice,4
old,english,3
old,accordingly,2
patrick,rice,6
patrick,sparious,6
patrick,swenson's,6
patrick,trust,6
patrick,will,6
patrick,louis,5
patrick,minnesota,5
patrick,paul,5
patrick,prentice,5
patrick,english,4
patrick,accordingly,3
patrick,convent,2
rice,sparious,6
rice,swenson's,6
rice,trust,6
rice,will,6
rice,louis,4
rice,minnesota,4
rice,paul,4
rice,prentice,4
rice,english,3
rice,accordingly,2
sparious,swenson's,6
sparious,trust,6
sparious,will,6
sparious,louis,4
sparious,minnesota,4
sparious,paul,4
sparious,prentice,4
sparious,english,3
sparious,accordingly,2
swenson's,trust,6
swenson's,will,6
swenson's,louis,4
swenson's,minnesota,4
swenson's,paul,4
swenson's,prentice,4
swenson's,english,3
swenson's,accordingly,2
trust,will,6
trust,louis,4
trust,minnesota,4
trust,paul,4
trust,prentice,4
trust,english,3
trust,accordingly,2
will,louis,4
will,minnesota,4
will,paul,4
will,prentice,4
will,english,3
will,accordingly,2
louis,minnesota,6
louis,paul,6
louis,prentice,6
louis,english,5
louis,accordingly,4
louis,convent,3
louis,waiting,2
minnesota,paul,6
minnesota,prentice,6
minnesota,english,5
minnesota,accordingly,4
minnesota,convent,3
minnesota,waiting,2
paul,prentice,6
paul,english,5
paul,accordingly,4
paul,convent,3
paul,waiting,2
prentice,english,5
prentice,accordingly,5
prentice,convent,5
prentice,waiting,5
prentice,her,5
prentice,slander,5
prentice,further,4
english,accordingly,5
english,convent,4
english,waiting,3
english,her,2
accordingly,convent,5
accordingly,waiting,4
accordingly,her,3
convent,waiting,5
convent,her,4
waiting,her,5
waiting,slander,2
her,slander,3
her,further,2
her,lope,4
her,moreover,2
her,thus,4
her,american,4
her,jury,4
her,bedford,3
her,reformatory,3
her,end,2
slander,further,5
slander,jury,2
further,jury,3
jury,here,6
jury,beerstadt's,6
jury,caliser's,6
jury,comparison,6
jury,court,29
jury,instead,6
jury,forgery,32
jury,probably,6
jury,attired,6
jury,witness,29
jury,practically,6
jury,p-body's,6
jury,unless,6
jury,mabel's,6
jury,god's,5
jury,whereupon,4
jury,sweeney,5
jury,attorney,2
jury,calzour,2
jury,two,2
jury,american,6
jury,lope,2
jury,thus,2
jury,bedford,6
jury,reformatory,6
jury,end,7
jury,around,6
jury,notes,6
jury,object,6
here,beerstadt's,5
here,caliser's,5
here,comparison,5
here,court,2
here,instead,2
beerstadt's,caliser's,6
beerstadt's,comparison,6
beerstadt's,court,3
beerstadt's,instead,3
beerstadt's,forgery,2
beerstadt's,probably,2
caliser's,comparison,6
caliser's,court,3
caliser's,instead,3
caliser's,forgery,2
caliser's,probably,2
comparison,court,3
comparison,instead,3
comparison,forgery,2
comparison,probably,2
court,instead,6
court,forgery,23
court,probably,6
court,attired,6
court,witness,18
court,practically,2
court,mabel's,6
court,god's,5
court,whereupon,4
court,calzour,5
court,hence,6
court,microscopic,5
court,two,3
court,therefore,5
court,moreover,4
court,lope,2
court,thus,2
court,american,2
court,around,6
court,bedford,3
court,end,5
court,notes,6
court,object,6
court,reformatory,3
instead,forgery,5
instead,probably,5
instead,attired,4
forgery,probably,6
forgery,attired,5
forgery,witness,18
forgery,mabel's,6
forgery,god's,5
forgery,whereupon,5
forgery,elmira,5
forgery,sweeney,7
forgery,wallace,5
forgery,attorney,6
forgery,american,2
forgery,around,6
forgery,bedford,3
forgery,end,5
forgery,notes,6
forgery,object,6
forgery,reformatory,3
probably,attired,5
probably,witness,2
attired,witness,3
witness,practically,6
witness,p-body's,6
witness,unless,6
witness,american,2
witness,around,6
witness,bedford,3
witness,end,5
witness,notes,6
witness,object,6
witness,reformatory,3
practically,p-body's,5
practically,unless,5
p-body's,unless,6
mabel's,god's,3
mabel's,whereupon,2
god's,whereupon,5
god's,elmira,2
god's,sweeney,2
god's,wallace,2
whereupon,elmira,3
whereupon,sweeney,3
whereupon,wallace,3
whereupon,attorney,2
elmira,sweeney,6
elmira,wallace,6
elmira,attorney,5
sweeney,wallace,6
sweeney,attorney,7
wallace,attorney,5
calzour,two,6
calzour,microscopic,6
calzour,hence,5
calzour,therefore,4
calzour,moreover,3
two,microscopic,4
two,hence,3
two,therefore,2
microscopic,hence,5
microscopic,therefore,4
microscopic,moreover,3
hence,therefore,5
hence,moreover,4
hence,lope,2
hence,thus,2
therefore,moreover,5
therefore,lope,3
therefore,thus,3
moreover,lope,4
moreover,thus,4
lope,thus,6
lope,american,2
thus,american,2
american,bedford,5
american,reformatory,5
american,end,4
american,around,2
american,notes,2
american,object,2
bedford,reformatory,6
bedford,end,5
bedford,around,3
bedford,notes,3
bedford,object,3
reformatory,end,5
reformatory,around,3
reformatory,notes,3
reformatory,object,3
end,around,5
end,notes,5
end,object,5
around,notes,6
around,object,6
notes,object,6
